facebook,tornado
mitsuhiko,flask
jkbr,httpie
pinax,pinax
django-debug-toolbar,django-debug-toolbar
boto,boto
webpy,webpy
apenwarr,sshuttle
divio,django-cms
midgetspy,Sick-Beard
dcramer,sentry
fabric,fabric
apenwarr,bup
toastdriven,django-tastypie
kennethreitz,legit
liftoff,GateOne
andymccurdy,redis-py
devstructure,blueprint
omab,django-social-auth
lg,murder
tweepy,tweepy
defnull,bottle
kennethreitz,python-guide
simplegeo,python-oauth2
jorgebastida,glue
celery,celery
django-extensions,django-extensions
cortesi,mitmproxy
github,markup
toastdriven,django-haystack
RuudBurger,CouchPotato
ipython,ipython
joelthelion,autojump
benoitc,gunicorn
scrapy,scrapy
gmate,gmate
amoffat,pbs
Pylons,pyramid
pydata,pandas
hmarr,mongoengine
somerandomdude,Iconic
ametaireau,pelican
rg3,youtube-dl
rstacruz,sparkup
samuraisam,pyapns
kennethreitz,inbox.py
utahta,pythonbrew
mongodb,mongo-python-driver
mitsuhiko,jinja2
kennethreitz,clint
martinrusev,amon
driverdan,dropship
earle,django-bootstrap
stephenmcd,mezzanine
livid,v2ex
mitsuhiko,werkzeug
kemayo,sublime-text-2-git
nathanborror,django-basic-apps
jezdez,django_compressor
kennethreitz,envoy
adamzap,landslide
klbostee,dumbo
alex,django-taggit
saltstack,salt
overviewer,Minecraft-Overviewer
IronLanguages,main
overshard,pinry
hyde,hyde
openstack,nova
gaubert,gmvault
etianen,django-reversion
dotcloud,zerorpc-python
nltk,nltk
flashingpumpkin,django-socialregistration
tschellenbach,Django-facebook
agiliq,Django-Socialauth
sciyoshi,pyfacebook
pydanny,django-uni-form
Yelp,mrjob
rembo10,headphones
sqlmapproject,sqlmap
myusuf3,octogit
iambus,xunlei-lixian
jokkedk,webgrind
alex,django-filter
kennethreitz,tablib
paulhammond,webkit2png
johnboxall,django-paypal
etsy,logster
dcramer,django-devserver
nurv,BicaVM
sebastien,cuisine
jtauber,django-notification
agiliq,merchant
phus,goagent
gabrielfalcao,lettuce
pypa,pip
apenwarr,redo
bread-and-pepper,django-userena
aichallenge,aichallenge
maraujop,django-crispy-forms
celery,django-celery
sixohsix,twitter
Fantomas42,django-blog-zinnia
kivy,kivy
jacobian,django-deployment-workshop
klen,python-mode
sympy,sympy
twilio,stashboard
FogCreek,WebPutty
defunkt,pystache
django-mptt,django-mptt
divegeek,uscode
zeromq,pyzmq
divio,django-shop
pypa,virtualenv
feincms,feincms
halgari,clojure-py
nvie,rq
gorakhargosh,watchdog
thauber,django-schedule
sorl,sorl-thumbnail
github,pycon2011
facebook,opencompute
jtauber,django-mailer
schacon,hg-git
twissandra,twissandra
ingenuitas,SimpleCV
j2labs,brubeck
SmileyChris,easy-thumbnails
tomchristie,django-rest-framework
apresta,tagger
seatgeek,fuzzywuzzy
Rip-Rip,clang_complete
litl,rauth
openstack,swift
gregmalcolm,python_koans
emesene,emesene
gpjt,webgl-lessons
rtfd,readthedocs.org
linkedin,indextank-service
pycassa,pycassa
gcollazo,Fabulous
matplotlib,matplotlib
ericflo,django-pagination
justquick,django-activity-stream
fritzy,SleekXMPP
tomerfiliba,plumbum
disqus,gargoyle
jsocol,bleach
mdipierro,workflow
gruns,furl
pika,pika
pybrain,pybrain
docopt,docopt
celery,kombu
coleifer,peewee
buildbot,buildbot
mirumee,satchless
bitly,asyncmongo
reviewboard,reviewboard
Instagram,redis-faina
RuudBurger,CouchPotatoServer
chrisglass,xhtml2pdf
ilektrojohn,creepy
jdriscoll,django-imagekit
commandline,flashbake
seb-m,pyinotify
ryanmcgrath,twython
jelmer,dulwich
jcrocholl,pep8
pennersr,django-allauth
mikemaccana,python-docx
cakephp,docs
mrjoes,tornadio
99designs,colorific
django-nonrel,mongodb-engine
bitly,data_hacks
paramiko,paramiko
lukaszb,django-guardian
karlisson,1001
seomoz,shovel
newsapps,beeswithmachineguns
mrjoes,tornadio2
liruqi,west-chamber-season-3
cobbler,cobbler
miracle2k,webassets
ericflo,django-avatar
brutasse,django-floppyforms
kmmbvnr,django-jenkins
mozilla,playdoh
jbalogh,django-cache-machine
AdamN,python-webkit2png
ericholscher,django-test-utils
sampsyo,beets
hmason,gitmarks
rlisagor,freshen
jbalogh,django-nose
Supervisor,supervisor
douban,dpark
cobrateam,splinter
Arachnid,bloggart
aaronsw,html2text
dcramer,raven
rackspace,python-cloudfiles
mozilla,zamboni
kliment,Printrun
m0mchil,poclbm
HonzaKral,django-threadedcomments
dcramer,django-sphinx
fitzgen,pycco
sebleier,django-redis-cache
orestis,pysmell
Kronuz,pyScss
dcramer,django-ratings
apache,libcloud
toastdriven,itty
biopython,biopython
trentm,python-markdown2
mitsuhiko,logbook
Eugeny,ajenti
rossp,django-helpdesk
jessemiller,HamlPy
lmacken,pyrasite
kartograph,kartograph.py
digg,lazyboy
Greplin,scales
nvie,times
s3tools,s3cmd
mnot,redbot
namlook,mongokit
carljm,django-model-utils
sunlightlabs,openstates
benoitc,restkit
saucelabs,monocle
breily,juno
jacobian,django-shorturls
simon-weber,Unofficial-Google-Music-API
binarydud,pyres
aparo,pyes
sbp,phenny
gotgit,gotgithub
mediacore,mediacore-community
hmarr,django-mumblr
rapidsms,rapidsms
darwin,firepython
jceb,vim-orgmode
EnigmaCurry,blogofile
haypo,pysandbox
tav,tweetapp
gleicon,restmq
kamalgill,flask-appengine-template
PascalW,Airplayer
sontek,dotfiles
dstufft,slumber
openstack,keystone
mcedit,mcedit
amoffat,Inspect-Shell
kennethreitz,httpbin
alex,django-ajax-validation
dvxhouse,jsonpipe
nicolargo,glances
hjwp,Test-Driven-Django-Tutorial
jorgebastida,django-dajax
dan,hivelogic-flickrtouchr
sehmaschine,django-filebrowser
dziegler,django-css
mitsuhiko,flask-sqlalchemy
cython,cython
william-os4y,fapws3
numba,numba
lexrupy,gmate
hmarr,django-ses
darwin,drydrop
wbond,sublime_package_control
laiwei,thepast
qtile,qtile
makerbot,ReplicatorG
tangentlabs,django-oscar
jacobian,django-pjax
tobami,littlechef
dound,gae-sessions
progrium,ginkgo
daviddrysdale,python-phonenumbers
dlitz,pycrypto
amoffat,focus
serverdensity,python-daemon
dyve,django-bootstrap-toolkit
django,djangoproject.com
mozilla,addon-sdk
mitsuhiko,itsdangerous
wdas,reposado
jamwt,diesel
gitpython-developers,GitPython
openstack,horizon
pypy,pypy
openid,python-openid
fbsamples,runwithfriends
dotcloud,cloudlets
phreeza,cells
mikeknapp,AppEngine-OAuth-Library
mfenniak,pyPdf
Eichhoernchen,SiriServer
basho,riak-python-client
mnot,nbhttp
ronnix,fabtools
lucky,staticgenerator
zacharyvoase,zmqc
petehunt,PyMySQL
lincolnloop,django-startproject
traviscline,gevent-zeromq
ezyang,git-ftp
stefanfoulis,django-filer
euske,pdfminer
kchodorow,sleepy.mongoose
codeforamerica,skillshares
aljosa,django-tinymce
jjlee,mechanize
codedance,Retaliation
mmalone,django-caching
shazow,urllib3
ninja-ide,ninja-ide
jtauber,django-friends
twilio,twilio-python
simplejson,simplejson
finiteloop,socialcookbook
xuming,micolog
praw-dev,praw
brainsik,virtualenv-burrito
ericflo,django-newcache
heynemann,pyccuracy
ask,python-github2
jtauber,dcpu16py
sjl,learnvimscriptthehardway
alex,django-templatetag-sugar
sabnzbd,sabnzbd
tmm1,gdb.rb
zedshaw,lamson
samuel,kokki
bobuk,addmeto.cc
zsh-users,zsh-completions
epio,mantrid
Instagram,python-instagram
muricoca,crab
dbr,tvnamer
jgorset,fandjango
samirahmed,fu
cyberdelia,django-pipeline
globocom,thumbor
japerk,nltk-trainer
carljm,django-secure
ask,carrot
MostAwesomeDude,bravo
fiorix,mongo-async-python-driver
ojii,django-classy-tags
jwiegley,git-issues
nose-devs,nose
madlag,jarvis
sebastien,watchdog
jorgebastida,django-dajaxice
arthurk,django-disqus
migurski,TileStache
git-cola,git-cola
jplehmann,coursera
statsmodels,statsmodels
tow,sunburnt
brosner,django-timezones
hut,ranger
gfxmonk,python-readability
gregmuellegger,django-mobile
benoitc,couchdbkit
lepture,june
tanepiper,SublimeText-Nodejs
ScrumDoLLC,ScrumDo
jchris,couchapp
mitsuhiko,classy
louissobel,Drapache
maltize,sublime-text-2-ruby-tests
mbi,django-rosetta
digi604,django-smart-selects
jacobian,django-googlecharts
coleifer,django-relationships
cloudera,hue
Anomareh,mynt
tjweir,liftbook
openstack,glance
iamteem,redisco
plivo,plivoframework
sivy,py-statsd
facebook,codemod
Stiivi,cubes
vicalloy,LBForum
jyr,MNPP
tobami,codespeed
ella,ella
stephenmcd,django-forms-builder
bartTC,django-frontendadmin
zapier,django-knowledge
sunlightlabs,django-mediasync
saymedia,remoteobjects
zacharyvoase,humanhash
bartTC,django-memcache-status
facebook,fbconsole
frankwiles,django-app-metrics
fagga,transmission-remote-cli
toastdriven,pysolr
waylan,Python-Markdown
peterbe,django-static
disqus,overseer
perone,stallion
eldarion,biblion
simonw,django-openid
samarudge,Squeezeit
packetlss,android-locdump
SockClub,subscribely
treeio,treeio
stochastic-technologies,goatfish
coffin,coffin
rosarior,mayan
dpp,simply_lift
myfreeweb,cssprefixer
rabbitmq,rabbitmq-tutorials
lunixbochs,sublimelint
coderholic,django-cities
eldarion,brabeion
luispedro,milk
directeur,django-sorting
localwiki,localwiki
Greplin,fast-python-pb
toffer,iphone-sms-backup
pelme,django-compress
cement,cement
clowwindy,shadowsocks
mdipierro,web2py
simonwhitaker,PyAPNs
Lawouach,WebSocket-for-Python
hiidef,oauth2app
dae,ankiqt
marcua,tweeql
ask,chishop
kevinw,pyflakes
barnybug,cli53
jgorset,facepy
sean-,flask-skeleton
jsocol,django-waffle
zacharyvoase,dagny
jiedan,kindlereader
sublimehq,Vintage
pinard,Pymacs
openstack,quantum
zohmg,zohmg
diefenbach,django-lfs
callowayproject,django-categories
bbangert,velruse
heroku,WAL-E
echonest,pyechonest
benschwarz,developers.whatwg.org
russellbeattie,plusfeed
dcramer,taskmaster
jsfiddle,jsfiddle-docs-alpha
dmgctrl,django-ztask
pydanny,django-wysiwyg
Jonty,Idiocy
danfairs,django-lazysignup
andreisavu,mongodb-log
clintecker,python-googleanalytics
rstacruz,js2coffee.py
jtriley,StarCluster
clips,pattern
tstone,django-uploadify
TooTallNate,node-gyp
joshbohde,django-backbone-example
echonest,echoprint-server
echonest,echoprint-server
mattwilliamson,arduino-sms-alarm
lxml,lxml
koenbok,Cactus
jdc0589,JsFormat
reddit,reddit-i18n
garethr,django-test-extensions
rspivak,csdesign
mhartl,rails_tutorial_sublime_text
JulienPalard,Pipe
howiworkdaily,django-faq
bradleyayers,django-tables2
philomat,django-form-designer
mitsuhiko,rstblog
Fantomas42,emencia-django-newsletter
inky,see
lilspikey,django-batch-select
worldcompany,djangoembed
abunsen,Paython
PyTables,PyTables
Citytracking,toner
mcedit,pymclevel
mapbox,osm-bright
mrkipling,maraschino
fiorix,freegeoip
clintecker,django-chunks
comoga,django-constance
moraes,tipfy
django-nonrel,django-nonrel
mrjoes,sockjs-tornado
coleifer,flask-peewee
binux,lixian.xunlei
naparuba,shinken
piskvorky,gensim
wuub,SublimeREPL
astraw,stdeb
iambus,youku-lixian
simonw,optfunc
maxcountryman,logmon
espeed,bulbs
jsmits,github-cli
chapmanb,bcbb
andyet,thoonk.py
quora,mysql-ctypes
richardhenry,hotqueue
agiliq,django-design-patterns
JulianEberius,SublimeRope
alex,django-fixture-generator
mike360,django-html5-boilerplate
ericholscher,django-kong
jessamynsmith,talkbackbot
samuel,python-munin
jacobian,jellyroll
laoqiu,pypress
mitsuhiko,flask-oauth
drf,amsn2
bfirsh,needle
nowells,git-goggles
earl,beanstalkc
nst,objc_dep
dustin,py-github
gcollazo,BrowserRefresh-Sublime
jordanm,django-hstore
daeken,Emokit
simonw,geocoders
ggaughan,pipe2py
qdot,libfitbit
kamens,gae_mini_profiler
ngerakines,commitment
stumbleupon,tcollector
tobami,overmind
maraujop,requests-oauth
cloudkick,libcloud
toastdriven,littleworkers
Stiivi,brewery
dwaiter,django-bcrypt
cbx33,gitt
coleifer,django-completion
sethtrain,django-git
progrium,hookah
jezdez,django-staticfiles
leah,python-oauth
djblets,djblets
montylounge,django-sugar
ganglia,gmond_python_modules
BrightcoveOS,Diamond
serverdensity,sd-agent
heroku,heroku-buildpack-python
bjornd,jvectormap
web2py,web2py
themartorana,python-postmark
jodal,pykka
simonw,ratelimitcache
SublimeText,LaTeXTools
dominno,django-moderation
trendrr,whirlwind
henriklied,django-twitter-oauth
yourcelf,django-registration-defaults
fail2ban,fail2ban
ojii,pymaging
stephenmcd,cartridge
simonw,djng
joestump,django-ajax
rspivak,slimit
tkaemming,django-subdomains
Pylons,Kotti
tzangms,django-bootstrap-form
FarMcKon,gitmarks_2
hmason,tc
KristianOellegaard,django-hvad
jdf,processing.py
twitter,pycascading
rnk,django-media-bundler
jaybaird,python-bloomfilter
zhovner,Skype-iplookup
sgillies,shapely
enki,tragedy
bcoe,smtproutes
coderholic,PyWebShot
pragmaticbadger,django-privatebeta
dnerdy,factory_boy
SAEPython,saepythondevguide
dbr,tvdb_api
DisposaBoy,GoSublime
flosch,simpleapi
fabianp,memory_profiler
scikits-image,scikits-image
colinhowe,djangosampler
mkelly12,google_closure_compiler
Spacelog,Spacelog
zain,jogging
jezdez,django-mobileadmin
Eichhoernchen,SiriServerCore
bigmlcom,python
tnm,qr
kmmbvnr,django-fsm
mrjoes,flask-admin
spadgos,sublime-jsdocs
simplegeo,python-simplegeo
darrellsilver,norc
tav,pylibs
Yelp,Testify
simonw,django-queryset-transform
thomasf,exitwp
maraujop,django-rules
dziegler,django-cachebot
scipy-lectures,scipy-lecture-notes
leah,django-elsewhere
GraylinKim,sc2reader
mitsuhiko,python-modernize
facelessuser,BracketHighlighter
exogen,nose-achievements
jsonpickle,jsonpickle
HashNuke,Python-Arduino-Prototyping-API
hvr,trac-git-plugin
wimleers,fileconveyor
doctrine,orm-documentation
gurgeh,selfspy
mongodb,docs
Kilian,Trimage
hdima,erlport
facebook,git-review
erh,mongo-munin
simonw,djangopeople.net
shacker,django-todo
stdbrouw,django-locking
cuckoobox,cuckoo
graphite-project,carbon
tualatrix,ubuntu-tweak
coto,gae-boilerplate
alex,django-admin-histograms
esnme,locust
dcramer,django-db-log
matthiask,plata
gregmuellegger,django-websocket
alexisbellido,The-Django-gunicorn-fabfile-project
indygreg,collectd-carbon
zacharyvoase,teena
bretth,woven
arskom,spyne
amccloud,django-project-skel
mattball,doxyclean
disqus,django-bitfield
svetlyak40wt,django-tagging-ng
eigenhombre,PyClojure
sjl,t
nathanborror,django-registration
ask,flask-celery
djl,vcprompt
Pylons,deform
paulgb,simplediff
pgollakota,django-chartit
mikecrittenden,zen-coding-gedit
rfk,django-supervisor
semente,django-smuggler
zachwill,flask-engine
eldarion,django-oauth-access
openstack,python-novaclient
blossom,flask-gae-skeleton
theonewolf,TripleD
scy,levitation
slacy,minimongo
ojii,django-sekizai
crateio,crate-site
garethr,django-project-templates
finiteloop,blog
cyphactor,sublime_guard
samuraisam,django-json-rpc
bradjasper,django-jsonfield
dae,libanki
tavendo,AutobahnPython
bradjasper,django-jsonfield
dae,libanki
Tawlk,synt
stephrdev,django-formwizard
brosner,django-tagging
hmason,ml_class
lociii,jukebox
satanas,Turpial
jcassee,django-analytical
clevercss,clevercss
dpaola2,djangy
willkg,richard
SublimeText,CTags
martinrusev,django-redis-sessions
jgoerzen,offlineimap
visionmedia,express-messages
networkx,networkx
pculture,unisubs
okfn,ckan
agiliq,Dinette
codysoyland,django-template-repl
rdegges,django-skel
termie,git-bzr-ng
versae,neo4j-rest-client
bitprophet,ssh
antonylesuisse,qweb
freder,cinemetrics
russss,Herd
jpwatts,django-positions
RafeKettler,magicmethods
citylive,django-datatrans
tabo,django-treebeard
Pylons,webob
ducksboard,libsaas
internetarchive,openlibrary
armstrong,armstrong
brosner,everyblock_code
pkrumins,hacker-top
tachang,EyeFiServer
milancermak,myngo
peterbe,django-mongokit
arc90,git-sweep
Kozea,Radicale
eldarion,pycon
mozilla,kitsune
Theano,Theano
progrium,postbin
rackspace,python-novaclient
autotest,autotest
notanumber,xapian-haystack
musicbrainz,picard
clintecker,django-google-analytics
Pylons,pylons
bartTC,django-attachments
Yelp,Tron
mzupan,nagios-plugin-mongodb
armooo,cloudprint
Diaoul,subliminal
titoBouzout,SideBarEnhancements
titoBouzout,SideBarEnhancements
disqus,django-db-utils
globaleaks,GlobaLeaks
sunlightlabs,django-gatekeeper
dokterbob,django-agenda
mapnik,node-mapnik
gmr,Tinman
rubys,venus
jtauber,django-email-confirmation
dcramer,mangodb
ryanmark,django-facebookconnect
reviewboard,rbtools
SRL,MSI
zacharyvoase,markdoc
jacobian,djangobench
af,djangbone
idan,oauthlib
paver,paver
atizo,PyTagCloud
Instagram,ec2-ssh
zhaque,django-subscription
dustin,twitty-twister
unknown-horizons,unknown-horizons
jacobian,openstack.compute
DocSavage,appengine-search
liris,websocket-client
django-nonrel,djangoappengine
lincolnloop,python-qrcode
simonw,django-redis-monitor
marinho,geraldo
Instagram,Instadrop
doat,geodis
mtigas,django-medusa
Freeseer,freeseer
eldarion,idios
gak,pygooglechart
alex,pyvcs
vandersonmota,model_mommy
nicksergeant,snipt-old
drewcrawford,Phone-Pipe
rhec,django-html5
j2a,pytils
pandaproject,panda
rtyler,Spawning
stephrdev,django-mongoforms
nuxeo,FunkLoad
justquick,django-varnish
dagwieers,unoconv
tgalal,wazapp
rupa,j2
andymccurdy,django-tips-and-tricks
nowells,django-pluggables
johnboxall,django-ab
andymckay,arecibo
aerosol,django-dilla
peterbe,premailer
gavinandresen,bitcointools
ericflo,django-tokyo-sessions
servee,servee
ironport,shrapnel
ivyl,gedit-mate
ahupp,python-magic
twonds,punjab
revolunet,sublimetext-markdown-preview
ennio,django-hosts
django-de,djangosnippets.org
emesik,mamona
justquick,django-native-tags
paltman,nashvegas
CFSworks,nimue
wbond,sublime_alignment
xb95,nagios-api
coleifer,django-utils
jacobian,django-dev-dashboard
dorkitude,dstruct
philippWassibauer,django-activity-stream
initcrash,django-denorm
jacobian,python-cloudservers
bdarnell,tornado-production-skeleton
makinacorpus,spynner
thadeusb,flask-cache
mintchaos,django_inlines
rmmh,skybot
edgewall,trac
invisibleroads,crosscompute-tutorials
denied,denied
progrium,notify-io
amix,redis_wrap
datawrangling,spatialanalytics
Yelp,python-gearman
mbostock,bl.ocks.org
progrium,notify-io
shrubberysoft,django-picklefield
sunlightlabs,validictory
Citytracking,Terrain
daspecster,ziptastic
ofri,Open-Knesset
fwenzel,django-sha2
simonw,mytweets
jessegrosjean,documents.com
bmander,graphserver
Pylons,pyramid_cookbook
mopidy,mopidy
dcramer,django-paging
disqus,nydus
azavea,Open-Data-Catalog
kfdm,gntp
prezjordan,Melopy
mozilla,django-browserid
saymedia,django-kvstore
howiworkdaily,django-newsletter
Manromen,script.traktutilities
celery,celerymon
Pylons,colander
Kozea,WeasyPrint
Kilian,f.lux-indicator-applet
dlo,bottlenose
tallstreet,Whoosh-AppEngine
jbalogh,django-multidb-router
c00w,bitHopper
vimoutliner,vimoutliner
dagwieers,dstat
danielfm,django-flash
aidanlister,django-facebook
bitmazk,django-cms-html5-1140px-boilerplate
flavour,eden
codebrainz,geany-themes
rthalley,dnspython
tom-dignan,gdrive-cli
rdegges,django-twilio
Arachnid,aetycoon
alex,django-vcs
driftx,Telephus
discogs,discogs_client
cloudkick,agent-plugins
codekoala,django-tracking
jabapyth,vim-debug
sripathikrishnan,redis-rdb-tools
joerussbowman,gaeutilities
whit537,mongs
danielgtaylor,qtfaststart
pennersr,django-jhouston
SublimeText,Tag
bfirsh,django-class-based-views
peon,Android.tmbundle
42,42-django-couchdb
scrapy,dirbot
cgoldberg,multi-mechanize
wallix,pylogsparser
arut,nginx-rtmp-module
Leftium,mailsnake
andrewclegg,sketchy
pydata,vbench
jbalogh,jingo
SyrusAkbary,pyjade
richleland,django-cumulus
trybeee,GitStats
disqus,django-modeldict
jezdez,django-appconf
kirbyt,appdailysales
webpy,webpy.github.com
willhardy,django-seo
brack3t,django-braces
ralsina,nikola
mozilla,webpagemaker
tito,pymt
chmduquesne,sharebox
pantheon-systems,mercury
carljm,django-form-utils
python-git,python
fogus,lithp
ahmetcemturan,SFACT
robcowie,SublimeTODO
hhuuggoo,ZmqWebBridge
jsocol,django-adminplus
fengli,alipay_python
nickmontfort,curveship
core,uricore
aino,django-primate
sdiehl,kaylee
codysoyland,django-phased
samastur,Impostor
praekelt,django-recaptcha
kiip,statsite
gotcha,ipdb
tricycle,lesswrong
moxie0,sslstrip
Suor,django-cacheops
saymedia,python-simpledb
mvanveen,hncrawl
ramen,phply
initpy,selficious
webnotes,erpnext
dellcloudedge,barclamp-nova
mdirolf,DjanMon
AndrewIngram,django-extra-views
idlesign,django-sitetree
scrapy,scrapely
coderanger,pychef
billdawson,ti_coffee_plugin
sunlightlabs,django-honeypot
callowayproject,django-objectpermissions
dinoboff,github-tools
lamby,django-lint
agiliq,djenofdjango
digg,clusto
tmm1,graphite
aaronportnoy,toolbag
pkrumins,xgoogle
codekoala,django-articles
alejandrogomez,turses
bkonkle,django-balancer
jokull,calepin
kennethreitz,python-github3
ttscoff,MarkdownEditing
itsmegb,LazyLibrarian
jgeralnik,Pytroj
django-piston,django-piston
ntoll,workflow
mattharrison,Git-Supervisual-Cheatsheet
danielfm,pyruby
vpulim,mango
lepture,liquidluck
saghul,pythonz
FSX,momoko
twidi,Repos.io
rupa,sprunge
jphalip,django-treemenus
wilsaj,flask-admin-old
bgreenlee,sublime-github
apendleton,djmicro
pyjs,pyjs
justquick,python-varnish
simonw,django_cropper
ericflo,django-memcached
davepeck,appengine-go
dag,attest
andrix,python-snappy
jakearchibald,appcache-demo
phzbox,Moka
stripe,stripe-python
dokterbob,django-newsletter
maxcutler,python-wordpress-xmlrpc
vfasky,qcoreblog
davepeck,appengine-go
bartTC,django-wakawaka
Kindari,SublimeXdebug
jesolem,PCV
andymckay,django-query-analyzer
bigjason,datatree
mojodna,oauth-proxy
holtwick,xobjc
feuervogel,django-taggit-templatetags
