berkerpeksag,github-badge
weslly,Nettuts-Fetch
fschulze,mr.developer
mozilla-services,cornice
ianozsvald,EuroPython2011_HighPerformanceComputing
jbalogh,glow
joblib,joblib
replit,empythoned
davedash,django-fixture-magic
kchodorow,edda
pagekite,PyPagekite
theanti9,PyCrawler
dcramer,django-uuidfield
mozilla,bedrock
mvpdev,django-eav
splitbrain,git-pull-request
eddorre,SublimeERB
fireteam,virtualenv-tools
sneeu,django-wiki
ctb,pony-build
tweepy,examples
toddlipcon,gremlins
dabeaz,ply
luispedro,mahotas
drewconway,strata_bootcamp
gregs1104,pgtune
wardi,urwid
lucky,autumn
liuxinyu95,AlgoXY
PyCodersCN,PyCodersCN
Greplin,greplin-exception-catcher
mozilla,Addon-Tests
joshmarshall,jsonrpclib
pydanny,django-mongonaut
jabapyth,django-appsettings
hydralabs,pyamf
zhaque,django-saas-kit
shotgunsoftware,python-api
j2labs,microarmy
vorushin,sublimetext_python_checker
drewcrawford,sneakernet
kroger,pyknon
disqus,nexus
collective,collective.developermanual
duointeractive,django-fabtastic
steiza,tinyfeedback
coleifer,irc
talsafran,domainr
yourcelf,olwidget
FanfouAPI,FanFouAPIDoc
ericflo,django-oembed
fusionbox,dinero
milianw,springer_download
bububa,MongoHub
matagus,django-planet
sbook,flask-mongoengine
pwnieexpress,Raspberry-Pwn
GoodCloud,django-zebra
ptahproject,ptah
nigelsmall,py2neo
uggedal,reprise
cortesi,sortvis
pcmanus,ccm
dcramer,django-idmapper
etsy,nagios_tools
gigq,flasktodo
amix,redis_graph
knipknap,exscript
ipa320,cob_common
lisa-lab,pylearn
stefanfoulis,cmsplugin-filer
enaeseth,swirl
jezdez,django-robots
charleso,git-cc
ericflo,django-couch-lifestream
caffeinehit,django-follow
leepa,django-iphone-push
mariano,snakefire
mozilla,socorro
nipy,nipype
8planes,mirosubs
rlotun,txWebSocket
sunlightlabs,django-wordpress
Nic0,tyrs
acdha,django-speedtracer
ralphm,wokkel
LumaPictures,pymel
lincolnloop,django-debug-logging
onecrayon,tea-for-espresso
mozilla-services,powerhose
myano,jenni
ireapps,census
trapeze,transurlvania
thornomad,django-hitcount
ntt,reverence
SublimeText,VintageEx
jdunck,python-unicodecsv
jamespacileo,django-pure-pagination
duckduckgo,zeroclickinfo-fathead
mozilla,kuma
saymedia,typepad-motion
tarequeh,django-config
gotcha,vimpdb
mitechie,Bookie
ewangke,CustomersAlsoReviewed-AppStore
dabapps,django-email-as-username
tjfontaine,linode-python
garethr,django-timelog
mollyproject,mollyproject
tomerfiliba,rpyc
fiorix,txredisapi
zacharyvoase,urlobject
eugenkiss,Simblin
somic,graphite-rabbitmq
walac,pyusb
moraes,webapp-improved
dcrosta,professor
chb,indivo_server
danielgtaylor,arista
alexstaubo,sublime_text_alternative_autocompletion
mapnik,Cascadenik
iplatform,pyFaceGraph
brunobord,tdaemon
stephenmcd,gunicorn-console
dustin,twitterspy
mcroydon,django-qsstats
SimonSapin,Frozen-Flask
bartTC,django-paste
FooBarWidget,mizuho
jfinkels,flask-restless
phillipkoebbe,DetectSyntax
yumike,djangolint
kmerenkov,brukva
tb2332,MSongsDB
maksim2042,SNABook
SublimeText,TrailingSpaces
meebo,pistil
justinvh,gitpaste
django-nonrel,djangotoolbox
zen4ever,django-authorizenet
suryasev,unofficial-google-trends-api
mjl,particle_filter_demo
timburks,openradar
dustin,bindir
ganglia,ganglia_contrib
Jajcus,pyxmpp2
applause,applause
chapmanb,cloudbiolinux
nileshk,url-shortener
erikrose,parsimonious
ekalinin,nodeenv
amet,script.xbmc.subtitles
rtomac,robotframework-selenium2library
vim-scripts,UltiSnips
kennethreitz,samplemod
mazkolain,spotimc
SublimeText,ColdFusion
okfn,datawrangling
gleitz,automaticdj
slideinc,gogreen
callowayproject,django-app-skeleton
davetron5000,scala-style
craigkerstiens,postgresguide.com
Quixotix,gedit-source-code-browser
shuge,Enjoy-Qt-Python-Binding
mixpanel,memcache_client
disqus,porkchop
psychopy,psychopy
android,tools_repo
PyBossa,pybossa
legalosLOTR,mdb
kmmbvnr,django-any
facebook,real-time-proxy
jezdez,django-queued-storage
ccollins,milkman
ojii,django-multilingual-ng
kennethreitz,showme
enthought,chaco
mozilla,django-piston
MadsBuus,gedit-snapopen-plugin
jdavisp3,twisted-intro
recoset,check_graphite
textmate,python.tmbundle
commonjs,commonjs
pythonforfacebook,django-facebook
daid,Cura
philomat,django-persistent-messages
meebo,greins
coleifer,django-generic-m2m
fiee,generic_django_project
jeffjenkins,MongoAlchemy
rhec,pyelasticsearch
stdbrouw,django-revisions
kingwkb,readability
holgerd77,django-dynamic-scraper
davidszotten,prettyqr
adeel,pump
lethain,django-monetize
cool-RR,GarlicSim
netguy204,roku_media_server
BonsaiDen,twitter-text-python
amolenaar,gaphor
SublimeText,Origami
stefanw,seriesly
benhamner,FacebookRecruitingCompetition
andreyfedoseev,django-less
DamageStudios,testflight-module
cloudant,bucky
dagwieers,mrepo
citylive,django-template-preprocessor
enthought,enaml
samuel,python-gearman
DasIch,brownie
zachwill,dom
whit537,aspen
senchalabs,android-tools
EverythingMe,kickass-redis
sarumont,py-trello
hhatto,autopep8
alexanderhiam,PyBBIO
woce,woce-build
fastsoft,djata
devstructure,blueprint-io
ipa320,cob_simulation
seedifferently,boto_rsync
mmalone,django-multidb
commonsense,conceptnet
funtoo,metro
cobrateam,django-htmlmin
Sleepingwell,DjangoRpyDemo
mkleehammer,pyodbc
bradwhittington,django-templated-email
andelf,pyqqweibo
dziegler,django-urlcrypt
fatroom,cs373
ipa320,cob_apps
sakisds,pPub
arneb,django-messages
ask,django-kombu
wbond,sublime_prefixr
jesusabdullah,pyee
bitly,bitly-api-python
benoitc,tproxy
deldotdr,txRedis
cortesi,scurve
benoitc,dj-webmachine
tomchristie,django-pdb
sdiehl,gevent-tutorial
jezdez,celery-haystack
mdipierro,gluino
rcrowley,django-twitterauth
djangobrasil,djangobrasil.org
idan,epio_skel
dcramer,python-tools-tmbundle
lmorchard,firefox-sync-appengine
petewarden,geodict
potatolondon,getfavicon
mvantellingen,localshop
ryan-roemer,sphinx-bootstrap-theme
john-kurkowski,tldextract
thoughtnirvana,augment
codysoyland,surlex
metajack,tape
al3x,downforeveryoneorjustme
Quixotix,gedit-django-project
chrisdrackett,django-typogrify
j2labs,listsurf
vaterlaus,django_cassandra_backend
jpulgarin,django-tokenapi
paltman,django-pdf
ask,ghettoq
browning,comment-troll-classifier
nsi-iff,should-dsl
Kozea,Multicorn
slav0nic,DjangoBB
mitsuhiko,flask-babel
daltonmatos,wsgid
Kegbot,kegbot
ego008,saepy-log
chronossc,django-breadcrumbs
gleicon,uurl
RDFLib,rdflib
Simperium,simperium
davidsun,HostsFile
ask,redish
wiseman,foursquare-python
garethr,css-test
zacharyvoase,zenqueue
xfire,growl
enthought,mayavi
pydanny,pydanny-event-notes
ehamiter,Sublime-Text-2-Plugins
cloudmatrix,esky
k7d,approcket
allegro,ralph
klen,python-scss
fbzhong,sublime-jslint
sunlightlabs,django-secretballot
maxcountryman,flask-login
bytefish,facerec
kevinmehall,pithos
pyinstaller,pyinstaller
transifex,transifex
neo4j,python-embedded
drkjam,netaddr
mitsuhiko,templatetk
scyclops,Readable-Feeds
heynemann,pyvows
nicksergeant,hackernews
dsyph3r,symblog-docs
driftx,chiton
chartjes,djaml
gkuhn1,django-admin-templates-twitter-bootstrap
kcunning,Katie-s-Rougish-PyGame
yahoo,Openstack-Anvil
mitsuhiko,jsonjinja
pinax,django-user-accounts
ntt,eveapi
zacharyvoase,cssmin
stochastic-technologies,shortuuid
frankwiles,django-taggit-suggest
brosner,django-groups
yourcelf,django-jimmypage
kylemacfarlane,django-cuddlybuddly-storage-s3
mapbox,mbutil
jacobb,prowlpy
btbytes,pyofc2
Almad,django-sane-testing
fenrrir,geditpycompletion
arc90,python-readability-api
bartTC,django-markup
atl,twitstream
carljm,django-adminfiles
pinax,django-flag
oldj,SwitchHosts
tjfontaine,airprint-generate
adeel,timed
BigBrotherBot,big-brother-bot
lyxint,wet
StephenPower,CollectorCity-Market-Place
cobrateam,flask-mongoalchemy
pusher,pusher_client_python
Ttl,evolutionary-circuits
arneb,django-export
muhuk,django-simple-friends
coleifer,micawber
sunpy,sunpy
bfirsh,whiskerboard
edsu,pymarc
python-excel,xlrd
ntoll,microformats
nltk,nltk_book
fsouza,gaeseries
mysociety,mapit
commonsense,conceptnet5
brosner,django-announcements
fabiankr,Cocoduino
mitsuhiko,flask-openid
powdahound,twisted
mintchaos,typogrify
mnot,thor
dakrauth,django-swingtime
apigee,wadl-library
yahoo,yos-social-python
cburroughs,pep8.py
howiworkdaily,django-pressbox
chesterbr,cruzalinhas
progrium,raiden
heroku,facebook-template-python
bradfitz,scanningcabinet
sbc,django-uploadify-s3
mitsuhiko,flask-pastebin
aparo,django-elasticsearch
bartTC,django-generic-flatblocks
jamespacileo,django-smartagent
cjlee112,pygr
andrewebdev,django-adzone
scaphilo,koalixcrm
9cloud,Nemo
dskinner,dmsl
benhamner,Metrics
JasonGiedymin,express-messages-bootstrap
hippich,Bitcoin-Poker-Room
perone,Pyevolve
lvh,async-pep
openstack,tempest
dirn,When.py
sophacles,pybeanstalk
paulproteus,python-scraping-code-samples
mpdehaan,ansible
sjl,threesome.vim
heynemann,provy
pepijndevos,PyMouse
Miserlou,WhitespaceBot
galvez,xmlwitch
xobb1t,Sublime-AdvancedNewFile
kasun,YapDi
cammckinnon,Parenthetic
peon,Processing.tmbundle
smira,txZMQ
jgarzik,pyminer
jtauber,applepy
dgoodwin,tito
retresco,Spyder
patcoll,paypal-python
karlisson,ink2canvas
guilhermechapiewski,simple-db-migrate
duointeractive,sea-cucumber
praekelt,django-photologue
michaeljones,breathe
gregmuellegger,django-autofixture
nschloe,matplotlib2tikz
boost-lib,boost
bastienleonard,pysfml2-cython
myles,django-contacts
Arachnid,aeoid
geopy,geopy
fabpot,sphinx-php
PythonJournos,LearningPython
xueruini,thuthesis
nsigustavo,ludibrio
eyeseast,python-tablefu
forrestv,p2pool
alex,django-wsgi
thehackerwithin,PyTrieste
geeknam,Push-Contacts
jamesob,Miser
maccman,remail-engine
mmatuson,SchemaSync
michaeljones,sphinx-to-github
bdarnell,django-tornado-demo
asenchi,proclaim
shestera,django-multisite
brosner,django-voting
johnsensible,django-sendfile
smart-mobile-software,gitstack
benmatselby,sublime-phpcs
edoburu,django-fluent-dashboard
lethain,Redis-Python-Datastructures
selectel,pyte
tseliot,hamster-appindicator
evernote,evernote-sdk-python
VitaliyRodnenko,geeknote
mLewisLogic,foursquare
jsocol,pystatsd
mitsuhiko,solace
mallipeddi,django-pipes
svetlyak40wt,django-perfect404
thruflo,torque
revsys,django-tos
joshourisman,django-tablib
bread-and-pepper,django-brookie
gburca,BaGoMa
silent1mezzo,jeeves-framework
dengzhp,lusernews
marinho,PyNFe
kakkyz81,evervim
tropo,tropo-webapi-python
digitalreasoning,PyStratus
bit101,STProjectMaker
kushal,snippets
pims,retwis-py
pazz,alot
jmg,crawley
sjl,d
heroku,heroku.py
akrito,patu
azavea,OpenTreeMap
zen4ever,route53manager
nose-devs,nose2
akira-cn,sublime-v8
playfire,django-debug-toolbar-user-panel
condemil,Gist
heat-api,heat
jcrocholl,rostock
lucky,newf
rfk,promise
wordnik,wordnik-python
mattrobenolt,colors.py
ithinksw,philo
oinume,tomahawk
davidmarble,virtualenvwrapper-win
FormAlchemy,formalchemy
andreisavu,django-jack
centralniak,django-inline-ordering
duointeractive,paypal-python
shaunsephton,django-snippetscream
majek,puka
amperka,ino
phunt,zookeeper_dashboard
psychomario,PyPXE
cgutierrez,JsMinifier
OpenRCE,sulley
danielfm,unittest-xml-reporting
pculture,miro
ananelson,dexy
Pitmairen,hamlish-jinja
tipam,pi3d
trevorturk,pygments
rabbitinaction,sourcecode
ralphbean,mattd
noxrepo,pox
lethain,django-springsteen
brutasse,django-le-social
skorokithakis,omnisync
minus-development,MinusAPI
amcfague,linesman
zacharyvoase,django-boss
hltbra,pycukes
nfarina,dropdav
amiller,libfreenect-goodies
coleifer,django-simple-ratings
enthought,traits
malthe,chameleon
ajstiles,urly
inoi,trombi
shazow,workerpool
twoolie,NBT
quarnster,SublimeGDB
ghoseb,planet.clojure
dcramer,django-indexer
agoragames,haigha
nanotube,supybot-bitcoin-marketmonitor
gregneagle,Xcode4CocoaPythonTemplates
j4mie,micromodels
smn,django-dirtyfields
ppierre,python-pep8-tmbundle
stefanfoulis,django-image-filer
srinikom,leveldb-server
bkjones,django-taxonomy
rabidsnail,tornado-threadpool
jsocol,jingo-minify
staale,python-xlsx
thebeansgroup,smush.py
jumoconnect,openjumo
migurski,HighRoad
toastdriven,guide-to-testing-in-django
soundcloud,python-api-wrapper
disqus,disqus-python
bkonkle,django-baseviews
Pylons,waitress
python-quantities,python-quantities
mozilla,f1
dokterbob,django-popularity
eldarion,django-contacts-import
nophead,Mendel90
mongodb,mongo-perf
bpollack,miniredis
aht,stream.py
Kami,python-face-client
pinterest,python-pinterest
lucjon,Py-StackExchange
isagalaev,django_dust
samuel,python-bert
matteobertozzi,Hadoop
coleifer,huey
deceze,Sphinx-HTTP-domain
netpro2k,SublimeBlockCursor
peterbe,python-gorun
stefanv,scikits.image
skorokithakis,imdbapi
rndbit,spynner-unmaintained
mrgaaron,LinkedIn-Client-Library
python-mg,speechhub
bretthoerner,timak
bbangert,lettuce_webdriver
SublimeText,WordHighlight
infincia,aeservmon
coderanger,pyzen
tobych,django-feature-flipper
rduplain,flask-wtf
alastair,scrobbyl
opencomparison,opencomparison
coderanger,commis
ericflo,awesomestream
marcelcaraciolo,crab
aouyar,PyMunin
textmate,javascript.tmbundle
mikeboers,PyHAML
jsocol,django-ratelimit
rfk,m2wsgi
niwibe,django-orm-extensions
bartTC,django-templatesadmin
alex,django-project-skeleton
prey,prey-bash-client-modules
BMorearty,exportiphoto
PySide,Examples
ialbert,biostar-central
rapidsms,pygsm
shon,httpagentparser
justinlilly,django-gencal
openstack,openstack-common
rackspace,python-cloudservers
MostAwesomeDude,construct
graphite-project,ceres
mhl,guardian-for-kindle
lupeke,python-firmata
kvbik,rvirtualenv
muhuk,django-inviting
gfxmonk,autonose
saxix,django-iadmin
andrewschaaf,pyxc-pj
mdiep,django-twitter-users
andreyfedoseev,django-coffeescript
aiti-ghana-2012,Lab_Python_01
gilesbowkett,hacker_newspaper
aparo,django-mongodb-engine
philomat,django-media-tree
codysoyland,django-socketio-example
dkm,python-vimeo
gstarnberger,uncompyle
hudora,django-googleappsauth
bueda,tornado-boilerplate
halida,snake-challenge
Jaza,django-taggit-autocomplete
fperez,datarray
sciyoshi,django-dbsettings
dmpayton,django-admin-honeypot
scikit-learn,scikit-learn-tutorial
jacquev6,PyGithub
jedie,PyLucid
amccloud,django-firstclass
vgarvardt,django-loginza
python-excel,xlwt
warner,tahoe-lafs
concurrence,concurrence
doda,imagy
garybernhardt,dingus
toastdriven,saved_searches
gears,gears
rsms,smisk
akira-cn,sublime-gbk
dcramer,logan
PythonBrasil8,pythonbrasil8
misfo,Shell-Turtlestein
jnordberg,sublime-colorpick
casualjim,sublime-ensime
dilshod,xlsx2csv
simonw,django-html
funkbit,django-dynamicresponse
has207,flexmock
hmarr,django-debug-toolbar-mongo
marcinkuzminski,rhodecode
lincolnloop,lincoln-loop-deploy
cocagne,zpax
josh,brew-pip
hmarr,mongosearch
eldarion,phileo
davefowler,TwitTornado
playfire,django-dynamic-subdomains
Jasonra,XBMC-PseudoTV
Introduction-to-Tornado,Introduction-to-Tornado
openstack-ci,git-review
ralsina,pyqt-by-example
pankratiev,python-amazon-ses-api
mvantellingen,psycopg2-ctypes
darkrho,scrapy-redis
mozilla,funfactory
Mendeley,mendeley-oapi-example
aiti-ghana-2012,Lab_Python_06
2degrees,djeneralize
hypernumbers,learn_elisp_the_hard_way
ericflo,pytyrant
p2k,pygowave
aiti-ghana-2012,Lab_Python_03
dcramer,decruft
redvasily,django-emailauth
FormAlchemy,pyramid_formalchemy
sebix,python-textile
washingtontimes,django-repositories
marianoguerra,webshot
jonthornton,wp2tumblr
willhardy,dynamic-models
hellais,ooni-probe
wuub,SublimePTY
djmelik,archey
codeforamerica,open311dashboard
lericson,simples3
isagalaev,django_replicated
jefftriplett,django-podcast
paulosman,batucada
brutasse,django-ratelimit-backend
Behat,en-docs.behat.org
weluse,django-nose-selenium
erezsh,plyplus
plone,plone.app.cmsui
defunkt,ircamp
brosner,django-reusable-app-docs
joshmarshall,tornadorpc
eldarion,agora
rhymeswithcycle,openparliament
Black09,Xperience1080
praekelt,vumi
openframeworks,ofSite
danielgtaylor,braintree_django
nagaozen,gedit-plugin-autocomplete
disqus,mule
mozilla,elasticutils
whitescape,djangodash2011
Xavura,CoffeeScript-Sublime-Plugin
client9,ipcat
aiti-ghana-2012,Lab_Python_00
gabriel,shrub
ericholscher,devmason-server
al3x,simple-backup
bgolub,blog
drewconway,NetworkX_Intro_Materials
superfeedr,notifixlight
sjl,stoat
Arachnid,bulkupdate
mdipierro,Plasmid
sunlightlabs,django-brainstorm
nathanborror,flopsy
dryan,twitter-text-py
nipy,nibabel
burnash,gspread
mitsuhiko,flask-sphinx-themes
gera,gitzilla
lincolnloop,django-salmonella
zynamics,objc-helper-plugin-ida
jabapyth,clevercss2
garethr,cloth
brutasse,django-push
laoqiu,redis-admin
ipa320,cob_robots
cyberdelia,metrology
plexinc,roku-client-public
disqus,django-perftools
sdiehl,sockjs-gevent
feinheit,django-facebook-graph
PyMVPA,PyMVPA
bgolub,tornado-blog
pktck,ParsePy
rossp,django-menu
lethain,lifeflow
datadesk,latimes-table-stacker
paolo-losi,stormed-amqp
weslly,ColorPicker
vog,beautify_git_hash
braiden,python-ant-downloader
okfn,bibserver
agiliq,django-socialnews
lincolnloop,django-geotagging
gasman,django-unjoinify
alex,piano-man
Pylons,shootout
ohjeongwook,DarunGrim
jgeewax,gaetestbed
maraujop,requests-oauth2
bobthecow,coda-cli
exogen,django-adminbrowse
fczuardi,gae-rest
meetup,python-api-client
newsapps,django-boundaryservice
visiblegovernment,django-fixmystreet
jamesturk,django-markupfield
newsapps,hello_newsroom
toastdriven,multiresponse
engla,kupfer
mapbox,open-streets-style
benosteen,FaceRecognition
ehec-outbreak-crowdsourced,BGI-data-analysis
khaledhosny,xits-math
yssk22,gaecouch
stump,fofix
wil,gtornado
okfn,opendatahandbook
mozilla,dxr
pnegre,python-whiteboard
synack,repoman
hymloth,pyredise
bryanhelmig,emailpie
scotch,engineauth
paulsm,pyzeroconf
piquadrat,django-cms-search
msgpack,msgpack-rpc-python
cd34,apex
mwrlabs,mercury
stamparm,DSSS
hasgeek,lastuser
ros,rosdistro
openstack,openstack-ci-puppet
ask,durian
zyelabs,python-foursquare
proffalken,edison
garethr,appengine-image-host
aiti-ghana-2012,Lab_Python_04
aiti-ghana-2012,Lab_Python_05
ipython,ipython-py3k
redsolution,redsolution-cms
chuchiperriman,cloud-services-notifications
viatropos,queuable
gtaylor,django-dynamodb-sessions
shuyo,iir
CellProfiler,CellProfiler
jeanphix,Flask-Dashed
chrisglass,django_polymorphic
mthornhill,django-postal
devjones,PyEtherpadLite
johnpaulett,django-durationfield
threadsafelabs,python-faker
eldarion,aiteo
MirkoRossini,django-redis-engine
ella,django-browsecap
recurly,recurly-client-python
vbmendes,django-meio-easytags
arekzb,dropfuse
lisa-lab,DeepLearningTutorials
livid,picky
baverman,snaked
fivethreeo,cmsplugin-blog
colinmarc,zodiac
iwanbk,roomahost
tbaugis,hamster_experiments
skaslev,gl3w
gpodder,gpodder
tillig,SublimeMSBuild
sunlightlabs,scrapelib
amoffat,pypandora
dcramer,sentry-old
lzyy,chat
aiti-ghana-2012,django-blog-project
insanum,gcalcli
Pylons,pylonsrtd
hydralabs,rtmpy
NetAngels,django-webodt
collective,buildout.python
upverter,schematic-file-converter
Greplin,greplin-nagios-utils
albertz,PyCParser
willrjmarshall,AbletonDJTemplateUnsupported
jacobian,django-buildmaster
larroy,Dive-into-C--11
ulope,django-reversetag
ioerror,blockfinder
napcs,programming_for_kids
openparty,openparty
braintree,braintree_python
liesen,libspotify-node
kragen,xcompose
montylounge,django-quoteme
dcramer,py-wikimarkup
alexandru,TheBuzzEngine
simonw,bugle_project
whit537,assertEquals
vishnevskiy,battlenet
gulopine,biwako
aol,trigger
jesseh,django-stockandflow
jeamland,behave
openzoom,deepzoom.py
fmoralesc,vim-pad
rcarmo,Yaki
hovel,imagestore
progrium,wssh
hudora,huBarcode
uggedal,vpsbench
rspivak,logsna
kennethreitz-archive,mead
demon386,SmartMarkdown
benadida,helios-server
haypo,python-ipy
yourlabs,django-autocomplete-light
PaulKinlan,HTML5Search
jtobey,bitcoin-abe
jbernard,dotfiles
lethain,django-userskins
davemerwin,blue-channel
b1tr0t,Google-Analytics-for-Mobile--python-
symkat,SymPullCDN
datadesk,django-bakery
idealistdev,alfajor
jncraton,PythonDropboxUploader
bryanveloso,hello-social-registration
klen,django-netauth
sockjs,sockjs-protocol
django-nonrel,django-permission-backend-nonrel
django-nonrel,django-dbindexer
lincolnloop,django-cpserver
doctrine,mongodb-odm-documentation
DFectuoso,Noticias-HAcker
jaddison,django-cachebuster
zacharyvoase,django-castor
udacians,udacity
rson,vim-conque
dustin,whatsup
j0hn,guicavane
dbravender,qc
chmouel,ftp-cloudfs
learning-unlimited,ESP-Website
andreafrancia,trash-cli
shelfworthy,django-spreedly
francescortiz,image
mirumee,django-messages
jnns,gnome-shell-google-calendar
mthjones,python.sugar
kanzure,pyphantomjs
mattupstate,flask-security
quiiver,mongodb-ganglia
modilabs,formhub
cpbotha,nvpy
mbadran,headlights
infogami,infogami
joerussbowman,jsondra
snakajima,gdispatch
halhen,statnot
jordanorelli,Django-Skeleton
bradfitz,contributing
jonasvp,django-beanstalkd
gregmuellegger,django-sortedm2m
adammck,pygsm
smcq,paisley
metajack,commitbot
mrichardson23,mrBBIO
martinkou,bson
aaronsw,watchdog
rozboris,Sublime-Tweet
crosspop,okydoky
psobot,wub-machine
mitsuhiko,python-pbkdf2
mitsuhiko,fungiform
holloway,docvert
Pylons,pyramid_beaker
sole,aafm
kennethreitz,pyandoc
JakeWharton,py-videodownloader
coderholic,easydb
kriswill,sublime-text-jsbeautifier
jedp,python-redis-log
epinna,Weevely
mirkonasato,pyodconverter
toastdriven,microsearch
jeffkit,apnsagent
crhym3,simpleauth
robotframework,RIDE
inducer,pyopencl
zachtib,lookit
ContinuumIO,Bokeh
dlo,django-on-appengine
markokr,skytools
superisaac,redqueue
sagetarian,skype-wrapper
Bcfg2,bcfg2
didip,bayes_on_redis
kennethreitz,envy
kennethreitz,ghsync
benoitc,socketpool
mbi,django-simple-captcha
rdegges,django-sslify
mkerrin,pwt.jinja2js
ProgVal,Limnoria
chrisjordansquire,r_vs_py
lepture,tornado.ext
btbytes,teh
mmeeks,bootchart
heynemann,skink
halida,planet-conquer
Deepwalker,aldjemy
intrepidusgroup,imdmtools
yuvipanda,wtfimb
hbussell,django-fab
gsancho,extdirect.django
ericflo,django-cookie-sessions
revsys,django-friendship
albertz,pydbattach
hbussell,social-commerce-project
srid,readability
peritus,geocommit
dbravender,gitric
Greplin,greplin-tornado-ses
paltman,django-logicaldelete
pmarti,python-messaging
askedrelic,libgreader
traviscrawford,python-hdfs
zephod,scrabble-tools
JetBrains,colorSchemeTool
iurisilvio,bottle-chat
lmorchard,django-badger
philips,ghar
nemonik,Intellect
garybernhardt,expecter
gkmngrgn,django-voice
dfm,emcee
pydanny,django-party-pack
huangz1990,redis
bueda,django-boilerplate
michaelschade,stripe_growl
jmalonzo,pywebkitgtk
eucalyptus,euca2ools
metajack,notify-webhook
livid,olivida-start
jezdez,django-configurations
quick2wire,quick2wire-python-api
dahlia,wand
marrow,marrow.mailer
chrippa,livestreamer
fitoria,django-haml
npryce,deft
epall,dripbox
paulproteus,workshop_mysite
stripe,monospace-django
bradleywright,mnml
bbangert,zilch
simonw,django-safeform
buildout,buildout
girasquid,django-csv-importer
sebastien,sink
nipy,nitime
scipy,scipy_proceedings
moskied,clime
rancavil,tornado-webservices
rmayr,dvcs-autosync
kemayo,sublime-text-2-goto-documentation
ghewgill,pyqver
tualatrix,fcitx-gimpanel
nod,tornado_addons
richardpeng,Kindelabra
codasus,django-bootstrap
ldx,python-iptables
shuge,zbox_wiki
toastdriven,friendlydb
urbanairship,python-library
peterbe,tornado-utils
mavlink,mavlink
zynga,jasy
notch-interactive,django-chuck
youngking,redis-shard
bbangert,beaker
openhatch,oh-mainline
Pylons,pyramid_jinja2
carmaa,inception
OSQA-SVN,OSQA
liato,android-market-api-py
geoalchemy,geoalchemy
mcneel,rhinopython
klipstein,dojango
cidadania,e-cidadania
symfony-fr,symfony-docs-fr
pwnieexpress,Pwnplug-Source-Repository
centralniak,cmsplugin_gallery
williamh,pybugz
OpenRCE,paimei
playpauseandstop,django-mediafiles
OpenMDAO,OpenMDAO-Framework
Flexget,Flexget
cooperhewitt,collection
cmheisel,nose-xcover
oskusalerma,trelby
hoxu,gitstats
Pylons,pylonshq
gabrielfalcao,sure
gmr,Cony
bkjones,bunnyq
temoto,heroshi
chrislongo,HttpShell
fiorix,twisted-twitter-stream
jautero,google-app-engine-weekend-projects
Hebo,reddit-cli
phantomcircuit,bitcoin-alt
simukis,django-bfm
PaulMakepeace,refine-client-py
wooster,biplist
chrisglass,django-xhtml2pdf
jmafc,Pyrseas
BaltoRouberol,TesseractTrainer
skabber,django-microblogging
darkoperator,dnsrecon
vmg,clar
ocanbascil,PerformanceEngine
okfn,annotator-store
Monnoroch,ColorHighlighter
openSUSE,osc
shrubberysoft,django-future
enthought,pygotham
martinkou,applepushnotification
ikotler,pythonect
pydanny,django-social-bookmarking
andrewnelder,hobo
progrium,miyamoto
jhofman,icwsm2010_tutorial
joestump,python-simplexml
anderspetersson,django-bigbrother
BurntSushi,pytyle3
cyhex,smm
paulnasca,paulstretch_python
jmg,pyfb
nvie,vim-rst-tables
sublee,trueskill
eldarion,gondor-client
shawn-sterling,graphios
davisp,ghp-import
borismus,lightning
aplpy,aplpy
dustin,slosh
berry,Mongrel2-WSGI-Handler
brynary,sublime-text-2-user-settings
gornostal,Modific
jlc,envim
charettes,django-mutant
celery,billiard
spiral-project,ihatemoney
zacharyvoase,rkquery
vain,explain
pinax,pinaxproject.com
ctb,theproj
progrium,yapper
gubatron,flickasa
grupy-sp,dojo
sunlightlabs,django-blogdor
keenerd,pacgraph
dnerdy,django-reroute
asweigart,pygcurse
wulczer,txpostgres
drewconway,stalkR
simonw,soupselect
mcroydon,django-tumbleweed
mitsuhiko,unicode-nazi
feedmagnet,pycheddar
Arachnid,tweetengine
ericholscher,django_inspect
codysoyland,django-smart-load-tag
noklesta,SublimeRailsNav
solj,bcfg2-old
mdipierro,canvas
directeur,django-pdf
jsocol,commonware
onecrayon,HTMLBundle.sugar
localprojects,Change-By-Us
kennethreitz,flask-googlefed
campadrenalin,ConcurrenTree
clalancette,oz
Boldewyn,gh_favs
mikeal,couchdb-wsgi
erikrose,mediawiki-parser
nltk,nltk_contrib
DanielStutzbach,blist
josephscott,pressfs
kumar303,jstestnet
saobao,niumang
mozilla,unicode-slugify
rdio,rdio-python
wadey,python-fitbit
callowayproject,django-gwo
santhoshtr,pypdflib
jezdez,django-discover-runner
maxcountryman,irctk
Tawlk,kral
jacek99,corepost
dcrosta,flask-pymongo
Kentzo,git-archive-all
alastair,python-musicbrainz-ngs
chrisglass,django-shop-simplevariations
jeffkit,autoforms
buffer,thug
ipa320,cob_environments
sdiehl,zeromq-chat
praekelt,django-preferences
Arelle,Arelle
gholt,swauth
Lispython,human_curl
ultimatebuster,riakkit
Julian,jsonschema
dpnova,tornado-memcache
mrtazz,notifo.py
django-docs-ja,django-docs-ja
homerhsing,Ailurus
plone,buildout.coredev
codeinn,vcs
garethr,Asteroid
okayzed,dmangame
noplay,scrapy-mongodb
zhaque,django-muaccounts
mavimo,gedit-drupal
coderanger,trac-mastertickets
ashchristopher,django-sass
jokull,kraftwerk
dasmith,stanford-corenlp-python
gleicon,txwebsockets
ella,django-ratings
drewbuschhorn,gmail_imap
Xion,pyqcy
minichiello,PyOpenGraph
miracle2k,android2po
zookeepr,zookeepr
gyim,stupidgit
rafaelmws,git-gedit
svpcom,pyzmq-ctypes
nathanmarz,nanny
RobSpectre,Talks
appcelerator-modules,ti.worker
marook,tagfs
omniscale,imposm
mattikus,pygist
adamrt,flask-evolution
wlanslovenija,PiplMesh
inducer,pudb
Tivix,django-cron
jbalogh,django-mobility
garethr,django-clue
bread-and-pepper,busylissy
beaufour,mtop
embedly,embedly-python
sunlightlabs,django-layar
FooSoft,mangle
caktus,django-treenav
coleifer,django-generic-aggregation
tkaemming,django-orderable
newsapps,boundaryservice
bmihelac,django-simpleadmindoc
progrium,pydoozer
mirumee,django-payments
mikl,django-password-required
JulienPalard,ashttp
Xof,xact
puppetlabs,puppetlabs-nova
bitmazk,django-reusable-app-boilerplate
dryan,css-smart-grid
wbsoft,frescobaldi
aheadley,pynemap
swdunlop,AndBug
rossdakin,django-cloudfiles
ipa320,cob_command_tools
kooaba,kooaba-api
narfdotpl,jquery-typing
brettviren,python-keepass
phus,gevent-redis
bbangert,retools
kmike,django-widget-tweaks
bdarnell,tornado_tracing
caktus,django-timepiece
sunng87,pyclj
ericmartel,Sublime-Text-2-Stackoverflow-Plugin
eldarion,kaleo
ncode,logix
JuliaLang,julialang.github.com
alexnj,SublimeOnSaveBuild
HampshireCS,CS112-Spring2012
squaremo,rabbitmq-streams
steffentchr,twitterengine
bdancer,vb25
hellerbarde,stapler
beza1e1,later
jcleblanc,programming-social-applications
policus,django-registration-facebook-backend
feilaoda,FlickBoard
thisismedium,message
jbalogh,django-debug-cache-panel
mrry,ciel
aiti-ghana-2012,python-graphics-lab
TheWanderer,stiler
ryan-roemer,django-cloud-browser
idan,python-twitter
rspivak,httpcode
misja,python-boilerpipe
nirea,ocupdater
appcelerator-titans,nodejs-desktop-prototype
srlindsay,gevent-profiler
rackspace,python-cloudlb
callowayproject,django-quickedit
Eichhoernchen,SiriServerPlugins
benspaulding,django-faq
dcramer,feedreader
nonolith,CEE
girasquid,django-feedback
Star2Billing,django-admin-tools-stats
natronics,ISS-Notify
1stvamp,hippybot
lethain,apache-log-parser
thomas-quemard,p8ste
kjk,web-blog
sriramk,winazurestorage
JosephSalisbury,python-bittorrent
packetloop,packetpig
utapyngo,WritingSmellDetector
acdha,pymacadmin
danimal,octomars
openstack,openstack-ci
rmaksim,Sublime-Text-2-Inc-Dec-Value
gnowgi,gnowsys-studio
joshuakarjala,django-hunger
andialbrecht,sqlparse
melor,poni
hybridlogic,txMySQL
sickill,ascii.io-cli
niwibe,django-redis
jcassee,django-geckoboard
harryxu,gitube
jbenet,datastore
soundcloud,soundcloud-python
lxneng,xpinyin
NoxArt,SublimeText2-FTPSync
ssokolow,quicktile
tester22,Plex-Trakt-Scrobbler
locaweb,bricklayer
klnusbaum,UDJ
mallipeddi,django-taskforce
coiled-coil,git-redmine
sunlightlabs,photobooth
alex,django-resume-builder
eagereyes,Protovis-Primer
mdirolf,mongo-appengine-connector
subhranath,django-custom-auths
joshdick,pytograph
zacharyvoase,django-qmixin
jparise,stale
lincolnloop,django-jsonit
bjonnh,PyOrgMode
kennethreitz,gistapi.py
maxogden,refine-python
nus,web2py-for-fluxflex
textmate,restructuredtext.tmbundle
chrisdrackett,django-browser-info
atpy,atpy
Pylons,pyramid_tutorials
myusuf3,prologger
stchris,untangle
kennethreitz,flask-heroku
scoder,lupa
rwilcox,git.bbpackage
pbharrin,machinelearninginaction
mgronhol,pouring-rain
neilkod,steve_jobs_tribute_messages
amrox,django-api-example
brosner,django-mailer
dmotitsk,coursera
dougz,trueskill
datadesk,latimes-appengine-template
mixcloud,django-celery-haystack-SearchIndex
sjbrown,writing_games_tutorial
nureineide,posterous-python
Greplin,greplin-tornado-sendgrid
wolfmankurd,eZ430-tools
dsc,pyquery
iamamac,autoproxy2pac
duointeractive,django-athumb
jdp,taxon
sangelone,python-hashes
Tivix,django-common
trilan,lemon
Dinnerbone,mcstatus
gpambrozio,PythonScripts
colinta,SublimeFileDiffs
tatsuhiro-t,apt-metalink
milkymist,migen
madisona,django-google-maps
urielka,shaveet
jedie,python-creole
pyblosxom,pyblosxom
drbunsen,formd
tendenci,tendenci
fbzhong,sublime-closure-linter
andreisavu,zookeeper-monitoring
tef,glyph-rpc
rduplain,flask-script
acg,shellac
vijayp,imageanalysis
marrow,WebCore
pbrisbin,mutt-config
ericflo,django-classfaves
marcinn,django-widgets
jezdez,django-comment-utils
idan,djoosh
sommer,loxodo
malthe,macfsevents
dziegler,django-create-project
benjaminpearson,gae-web-services
jimmykane,SiriServerCorePlugins
ericflo,django-session-user
harperreed,twitteroauth-python
geckoslayer,blenderkinect
jessevdk,gedit-php-completion
zooie,opensearch
agiliq,django-wordpress
fwenzel,django-gearman
ella,django-versionedcache
myles,django-photo-gallery
chrisglass,django-rulez
robcharlwood,django-mothertongue
clemesha,django-piston-oauth-example
openstreetmap,mapnik-stylesheets
django-nonrel,mongodb-cache
lithid,Cmc-pygtk-backup
hovel,pybbm
thehackerwithin,UofCSCBC2012
bfrog,whizzer
seisen,urllib2_file
stefanfoulis,django-sendsms
sgillies,Fiona
amccloud,django-stripe
cagatayyuksel,Evolution-9
kwgoodman,bottleneck
mhaller,pyffmpeg
stuartherbert,sublime-phpunit
dcramer,mock-django
jmillerinc,blackbirdpy
brack3t,Banana-Py
ivan-korobkov,python-inject
inducer,pycuda
geoiq,acetate
kaktos,sloth
jseutter,ofxparse
takano32,skype-bridge
luqman,SublimeText2RailsRelatedFiles
urschrei,pyzotero
SimonSapin,cssselect
DIRACGrid,DIRAC
echen,restricted-boltzmann-machines
mvasilkov,django-google-charts
ojii,django-admin-filters
Arachnid,netboot.me
jerem,psdparse
fcurella,django-recommends
adeel,picasso
natural,java2python
wadey,python-ostrich
sghael,OSQA
mhendrikx,HTPC-Manager
hammer,pyhbase
narfdotpl,debug
amoffat,pykeylogger
Neohapsis,NeoPI
erikrose,blessings
enthought,traitsui
rwl,muntjac
ironfroggy,straight.plugin
erikrose,nose-progressive
scottjacksonx,hu
klen,zeta-library
openstack,cinder
senko,dj-skeletor
python-zk,kazoo
bkjones,pyrabbit
nigma,pywt
mythmon,wok
nipy,dipy
nijel,weblate
justinvh,Markdown-LaTeX
tkrajina,gpxpy
martine,bloat
pinax,code.pinaxproject.com
mfenniak,pg8000
idan,django-fuzzydt
rs,zkfarmer
dkerwin,django-pki
fireantology,django-logtailer
sunlightlabs,apidata
stochastic-technologies,static-appengine-hoster
sanbornm,Site-Monitor
hjlarsson,gevent-memcache
pafcu,Vimsplain
jessegrosjean,Documents.com.client.python
jessykate,streamLDA
joymax,django-dtpanel-htmltidy
boothead,stargate
modocache,django-generate-scaffold
bottlepy,bottle-extras
albumidentify,albumidentify
ltratt,converge
peterbe,tornado_gists
philippWassibauer,templated-emails
letolab,airy
linuxmint,mintmenu
supercodepoet,django-merlin
douban,python-libmemcached
Mysterie,uncompyle2
zku,Diablo-III-Protocol-Simulator
mitar,django-tastypie-mongoengine
bmuller,twistar
bradbeattie,python-vote-core
Shopify,shopify_python_api
grych,AppStoreReviews
dwillis,fumblerooski
sublimator,ZenCoding
cakebread,yolk
bryanveloso,django-textmate.tmbundle
jarus,flask-testing
edwardgeorge,virtualenv-clone
kcunning,django-glossary
hasgeek,hasjob
vinod85,pygmail
wwwtyro,cellophane
afflux,pure-python-otr
svetlyak40wt,yafotkiuploader
caffeinehit,django-oauth2-provider
dae,ankiplugins
neilsarkar,sublime_user_directory
Atomidata,django-audit-log
viorels,mtgox-trader
mixcloud,django-experiments
anotherjesse,webpy-appengine-helloworld
phunt,zk-smoketest
numericube,twistranet
duosecurity,duo_web
tv42,troops
asenchi,django-proclaim
bkad,kimpine
736,repacked
juanodicio,foursquare-apiv2-python
chromakode,karmabot
brendano,tsvutils
jayesh3,cadmium
christhekeele,django-native-datatables
jcrocholl,nxdom
kwe,passenger-django-wsgi-example
Goles,Xcode-4-Template-Generator
aeischeid,gedit-grails-bundle
sympy,sympy.github.com
zachwill,hn
brehaut,picoparse
neogenix,daikon
mysociety,theyworkforyou
hltbra,pyhistorian
nadineproject,nadine
fabi1cazenave,gaia-l10n
henryr,pyzk-recipes
toomore,goristock
mitsuhiko,jinja2-htmlcompress
connexio,cypb
ieure,python-cassandra
ralphbean,bugwarrior
dukestats,gpustats
sciancio,connectionmanager
IanLewis,django-newauth
winhamwr,mixpanel-celery
haypo,unicode_book
hltbra,specloud
alexksikes,fSphinx
bsstoner,tornado-couchdb-pubsubhubbub-aggregator
jbalogh,check
zachwill,fred
sontek,pyramid_celery
thisismedium,virtualenv-commands
jezdez,django-authority
myles,django-quiz
cfpb,django-nudge
davglass,twimapd
hudora,huImages
pediapress,mwlib
robhudson,django-countries
phunt,zkconf
e-loue,django-storages
ipa320,cob_scenarios
kennethreitz-archive,flask-rest
matthiask,towel
refreshoxford,django-cbv-inspector
etianen,django-watson
progrium,pyjwt
Aldriana,ShadowCraft-Engine
pteichman,cobe
GoodCloud,django-longer-username
sagemath,sagecell
OSEHR,M-Tutorial
freshbooks,refreshbooks
adulau,Forban
terencehonles,fusepy
mikedm139,UnSupportedAppstore.bundle
OpenRCE,pydbg
reiddraper,riak-ec2-cluster-launcher
veekun,pokedex
mnaberez,py65
MiCode,patchrom_tools
martinblech,xmltodict
jparise,python-reloader
pulb,mailnag
posativ,acrylamid
cemmanouilidis,naturalscrolling
derv82,wifite
mmerickel,pyramid_auth_demo
mitsuhiko,markupsafe
rectalogic,xbmc-fancast-plugin
danielroseman,django-efficient
paradoxxxzero,clutterm
amix,hash_ring
swanson,hackerpulse
mattharrison,pycoverage.el
global-pulse,HunchWorks
adrianholovaty,django-pancake
1stvamp,django-form-scaffold
qgriffith,OpenEats
fmoralesc,pastie
sugyan,Zenra
safarijv,epub3-tools
ctb,figleaf
Greplin,greplin-tornado-stripe
f4nt,djtracker
ghantoos,lshell
bmentges,django-cart
rdw,Eventlet
sstoiana,s3funnel
moxie0,knockknock
mfisk,filemap
alcides,pascal-in-python
geeknam,python-gcm
fsouza,flask-rest-example
mikejs,python-duckduckgo
brianjaystanley,django-lockout
originell,pycloudapp
mozilla,django-session-csrf
ionelmc,django-redisboard
superquadratic,beat-bricks
cocagne,paxos
fwenzel,reporter
epicserve,django-environment
tsukkee,lingr-vim
lincolnloop,django-protected-files
simplegeo,dream
brutasse,django-password-reset
justinjsmith,oauth-login-demo
rmaceissoft,django-user-metrics
superfeedr,image-extrator
paltman,django-aws
fgaudin,aemanager
brasse,post_receive_email.py
haldun,tornado-sqlalchemy-template
theorm,django-bootstrap-forms
lasarux,ooop
jpartogi,django-job-board
marinho,django-plus
tswicegood,Dolt
eldarion,anafero
Leask,Flora_Pac
rlenglet,openfaucet
atbrox,Snabler
pastpages,pastpages.org
sugarcrm,python_webservices_library
JeremyOT,Toto
ssaboum,django-achievements
jbalogh,django-pylibmc
RobSpectre,Twilio-Hackpack-for-Heroku-and-Flask
novoid,Memacs
stiang,EmacsifySublimeText
anirudhjoshi,lastpass2keepass
dragoon,django-selenium
openstack,python-quantumclient
evanw,socket.io-python
klen,makesite
ednapiranha,lexicrypt
ianb,neighborly
sunlightlabs,django-shortcuts
niemeyer,hsandbox
lmacken,quantumrandom
petewarden,pyparallelcurl
hamilton,LocalitySensitiveHashing
hackerdojo,hd-events
chadaustin,ibb
heynemann,pynq
kmike,tornado-slacker
hoffmann,PyCharm-Python-Templates
defnull,multipart
nst,objc_cover
hugs,castro
jacobian,django-buildbots
19ceng,ceng201pro
ctb,meep
nzjrs,facebook-notify
victortrac,sbit3
amix,crash_hound
benma,pysph
rspivak,crammit
carljm,django-markitup
admc,flex-pilot-x
nyaruka,smartmin
fanzeyi,angemon
Element-34,py.saunter
pengwynn,grc
oliver,gedit-file-search
alimanfoo,petl
ITikhonov,git-loc
okfn,dataprotocols
mozilla-services,queuey
pyinvoke,invoke
nvbn,djang0byte
gmr,rejected
whilefalse,webpy-mongodb-sessions
daler,pybedtools
ewa,python-webcrawler
bow,volt
dracos,double-metaphone
HubSpot,hapipy
wieden-kennedy,salad
pcorliss,s3cmd-modification
sunng87,exaile-doubanfm-plugin
laoqiu,sinaapp
subsume,django-subscription
H-uru,moul-scripts
bmc,picoblog
datadesk,python-documentcloud
ib-lundgren,flask-oauthprovider
munhitsu,django-dowser
eucalyptus,eutester
aluzzardi,wssh
dkukral,everyblock
plone,Products.CMFPlone
SonarSource,sonar-examples
bashwork,pymodbus
ProgVal,Supybot-plugins
roopeshvaddepally,python-ebay
edsu,microdata
futurecolors,moscowdjango
piquadrat,django-mailchimp
davehunt,pytest-mozwebqa
timsutton,mcxToProfile
saltstack,salt-cloud
eldarion,metron
truemped,tornadotools
stamen,modestmaps-py
achillean,shodan-python
taxilian,VimDebugger
SimonSapin,Flask-FlatPages
marcelnicolay,torneira
jmoiron,johnny-cache
callowayproject,django-stories
webhamster,advancedcaching
KanjiVG,kanjivg
bkonkle,django-reporter
bwhite,hadoop_vision
stephrdev,django-gitweb
mvanveen,freedom.txt
zignig,blender-gcode-reader
jiaaro,pydub
dcramer,nibbits-shared
rubys,feedvalidator
zacharyvoase,django-clsview
njr0,fdb
statesofpop,django-cal
bradfitz,addressbooker
newsapps,cloud-commander
Greplin,greplin-twisted-utils
bcoe,secure-smtpd
progrium,oauth2-appengine
sampsyo,bluelet
pjenvey,hellanzb
Torte,django-urli18n
adzenith,Sublime-plugins
George1024,Arduino-Copier
kylebragger,tiny
plone,buildout.deco
acevery,ibus-table
ikai,mobsquare-demo
tlecomte,friture
bitprophet,fullerene
roadhead,trml2pdf
rfk,threading2
nagaozen,gedit-plugin-codecompletion
pag,pate
fish2000,django-signalqueue
chrisdoble,django-celery-transactions
andybak,django-linkcheck
openstack,melange
j2labs,quickness
jgarzik,python-bitcoinrpc
wpjunior,django-mongotools
jabbalaci,Bash-Utils
rspivak,cynic
Mononofu,P2P-DNS
manns,pyspread
ramusus,django-geonames
trevp,tlslite
rtpm,cmsplugin_contact
pkrumins,reddit-top
